---
title: MySQL数据库基础(一)
date: 2021-11-20 17:16:23
tags: 
- Mysql
- JavaWeb
- 数据库
Categories: Mysql
---

# SQL概述

## SQL 分类

SQL语言在功能上主要分为如下3大类:

<span style="color: #730002">**DDL(Data Definition Languages、数据定义语言)**</span>，这些语句定义了不同的数据库、表、视图、索 引等数据库对象，还可以用来创建、删除、修改数据库和数据表的结构。

主要的语句关键字包括 **<span style="color: #e15307">CREATE</span>** 、 **<span style="color: #e15307">DROP</span>** 、 **<span style="color: #e15307">ALTER</span>** 等。
<span style="color: #730002">**DML(Data Manipulation Language、数据操作语言)**</span>，用于添加、删除、更新和查询数据库记 录，并检查数据完整性。

主要的语句关键字包括 **<span style="color: #e15307">INSERT</span>** 、 **<span style="color: #e15307">DELETE</span>** 、 **<span style="color: #e15307">UPDATE</span>** 、 **<span style="color: #e15307">SELECT</span>** 等。

**<span style="color: red">SELECT是SQL语言的基础，最为重要。</span>**
**<span style="color: #730002">DCL(Data Control Language、数据控制语言)</span>**，用于定义数据库、表、字段、用户的访问权限和 安全级别。

主要的语句关键字包括 **<span style="color: #e15307">GRANT</span>** 、 **<span style="color: #e15307">REVOKE</span>** 、 **<span style="color: #e15307">COMMIT</span>** 、 **<span style="color: #e15307">ROLLBACK</span>** 、 **<span style="color: #e15307">SAVEPOINT</span>** 等。

---

**<span style="color: #730002">DCL(Data Control Language、数据控制语言)</span>**

**<span style="color: #e15307">注意：</span>**

**<span style="color: red">SELECT是SQL语言的基础，最为重要。</span>**

----



## SQL**大小写规范 (建议遵守)**

- **<span style="color: red">MySQL 在Windows 环境下是大小写不敏感的</span>**

- **<span style="color: red">MySQL 在Linux 环境下是大小写敏感的</span>**

  ​	数据库名、表名、表的别名、变量名是严格区分大小写的

​		   关键字、函数名、列名(或字段名)、列的别名(字段的别名) 是忽略大小写的。

-  **<span style="color: red">推荐采用统一的书写规范:</span>**

​			数据库名、表名、表别名、字段名、字段别名等都小写 SQL 关键字、函数名、绑定变量等都大写

## **注释** 

可以使用如下格式的注释结构

```sql
单行注释: #注释文字(MySQL特有的方式) 
单行注释: -- 注释文字(--后面必须包含一个空格。) 
多行注释: /* 注释文字 */
```

## **命名规则**

- 数据库、表名不得超过30个字符，变量名限制为29个
-  必须只能包含 A–Z, a–z, 0–9, _共63个字符
- 数据库名、表名、字段名等对象名中间不要包含空格 
- 同一个MySQL软件中，数据库不能同名;同一个库中，表不能重名;同一个表中，字段不能重名 
- 必须保证你的字段没有和保留字、数据库系统或常用方法冲突。如果坚持使用，请在SQL语句中使 用`(着重号)引起来 
- 保持字段名和类型的一致性，在命名字段并为其指定数据类型的时候一定要保证一致性。假如数据 类型在一个表里是整数，那在另一个表里可就别变成字符型了

举例:

```sql
#以下两句是一样的，不区分大小写 show databases;
SHOW DATABASES;
#创建表格
#create table student info(...); #表名错误，因为表名有空格 create table student_info(...);
#其中order使用``飘号，因为order和系统关键字或系统函数名等预定义标识符重名了
```

-----

# 数据查询

## SELECT

### SELECT语句一般格式：

```sql
SELECT [ALL | DISTINCT] < 目标列表达式 > [,< 目标列表达式 >]...
FROM < 表名或试图名 > [,< 表名或试图名 >]...
[ WHERE < 条件表达式 > ]
[ GROUP BY < 列名1 > [ HAVING < 条件表达式 > ] ]
[ ORDER BY < 列名2 > [ ASC | DESC ]];
```

### 列的别名

方式一

```sql
SELECT last_name lname
FROM   employees;
```

方式二

```sql
SELECT last_name AS lname
FROM   employees;
```

方式三 

列的别名可以使用一对""引起来，不要使用''

```sql
SELECT last_name "lname"
FROM   employees;
```

### 去除重复行

```sql
SELECT DISTINCT Sno
FROM SC;
```

### 查询经过计算的值

```sql
SELECT Sname NAME,2021-Sage BIRTHDAY
FROM Student;
```

### 查询时添加常量列

```sql
SELECT first_name, '湖北' AS province
FROM employees;
```

### 显示表结构

使用DESCRIBE 或 DESC 命令，表示表结构。

```sql
DESCRIBE employees;
或
DESC employees;
```

-----

# 运算符

## 算术运算符

<img src="https://myblob-pics.oss-cn-hangzhou.aliyuncs.com/mysql%E5%9F%BA%E7%A1%80/basicComputer.png" style="zoom:67%;" />

## 比较运算符

比较运算符用来对表达式左边的操作数和右边的操作数进行比较，比较的结果为真则返回1，比较的结果为假则返回0，其他情况则返回NULL。

比较运算符经常被用来作为SELECT查询语句的条件来使用，返回符合条件的结果记录。

<img src="https://myblob-pics.oss-cn-hangzhou.aliyuncs.com/mysql%E5%9F%BA%E7%A1%80/compareCpmputer.png" style="zoom:67%;" />

### 安全等于运算符

安全等于运算符（<=>）与等于运算符（=）的作用是相似的，`唯一的区别`是‘<=>’可以用来对NULL进行判断。在两个操作数均为NULL时，其返回值为1，而不为NULL；当一个操作数为NULL时，其返回值为0，而不为NULL。

此外，还有非符号类型的运算符：

### 非符号类型的运算符

<img src="https://myblob-pics.oss-cn-hangzhou.aliyuncs.com/mysql%E5%9F%BA%E7%A1%80/notSymbol1.png" style="zoom:67%;" />

----------

## 逻辑运算符

逻辑运算符主要用来判断表达式的真假，在MySQL中，逻辑运算符的返回结果为1、0或者NULL。

MySQL中支持4种逻辑运算符如下：

<img src="https://myblob-pics.oss-cn-hangzhou.aliyuncs.com/mysql%E5%9F%BA%E7%A1%80/logicSymbol.png" style="zoom:67%;" />

### 逻辑非运算符

逻辑非（NOT或!）运算符表示当给定的值为0时返回1；当给定的值为非0值时返回0；当给定的值为NULL时，返回NULL。

### 逻辑与运算符

逻辑与（AND或&&）运算符是当给定的所有值均为非0值，并且都不为NULL时，返回1；当给定的一个值或者多个值为0时则返回0；否则返回NULL。

### 逻辑或运算符

逻辑或（OR或||）运算符是当给定的值都不为NULL，并且任何一个值为非0值时，则返回1，否则返回0；当一个值为NULL，并且另一个值为非0值时，返回1，否则返回NULL；当两个值都为NULL时，返回NULL。

> **<span style="color: #e15307">注意：OR可以和AND一起使用，但是在使用时要注意两者的优先级，由于AND的优先级高于OR，因此先对AND两边的操作数进行操作，再与OR中的操作数结合。</span>**

### 逻辑异或运算符

逻辑异或（XOR）运算符是当给定的值中任意一个值为NULL时，则返回NULL；如果两个非NULL的值都是0或者都不等于0时，则返回0；如果一个值为0，另一个值不为0时，则返回1。

## 位运算符

位运算符是在二进制数上进行计算的运算符。位运算符会先将操作数变成二进制数，然后进行位运算，最后将计算结果从二进制变回十进制数。

MySQL支持的位运算符如下：

![](https://myblob-pics.oss-cn-hangzhou.aliyuncs.com/mysql%E5%9F%BA%E7%A1%80/bitwise.png)

1. **按位与运算符** 按位与(&)运算符将给定值对应的二进制数逐位进行逻辑与运算。当给定值对应的二 进制位的数值都为1时，则该位返回1，否则返回0。

   例子：

   ​	1的二进制数为0001，10的二进制数为1010，所以1 & 10的结果为0000，对应的十进制数为0。20的二进制 数为10100，30的二进制数为11110，所以20 & 30的结果为10100，对应的十进制数为20。

2. **按位或运算符** 按位或(|)运算符将给定的值对应的二进制数逐位进行逻辑或运算。当给定值对应的 二进制位的数值有一个或两个为1时，则该位返回1，否则返回0。

   例子：

   ​	1的二进制数为0001，10的二进制数为1010，所以1 | 10的结果为1011，对应的十进制数为11。20的二进 制数为10100，30的二进制数为11110，所以20 | 30的结果为11110，对应的十进制数为30。

3. **按位异或运算符**“^”是双目运算符。 其功能是参与运算的两数各对应的二进位相异或，当两对应的二进位相异时，结果为1。

   例子：

   ​	

4. **按位取反运算符** 按位取反(~)运算符将给定的值的二进制数逐位进行取反操作，即将1变为0，将0变 为1。

5. **按位右移运算符** 按位右移(>>)运算符将给定的值的二进制数的所有位右移指定的位数。右移指定的 位数后，右边低位的数值被移出并丢弃，左边高位空出的位置用0补齐。

   例子：

   ​	1的二进制数为0000 0001，右移2位为0000 0000，对应的十进制数为0。4的二进制数为0000 0100，右移2 位为0000 0001，对应的十进制数为1。

6. **按位左移运算符** 按位左移(<<)运算符将给定的值的二进制数的所有位左移指定的位数。左移指定的 位数后，左边高位的数值被移出并丢弃，右边低位空出的位置用0补齐。

   例子：

   ​	1的二进制数为0000 0001，左移两位为0000 0100，对应的十进制数为4。4的二进制数为0000 0100，左移 两位为0001 0000，对应的十进制数为16。

## 运算符优先级

<img src="https://myblob-pics.oss-cn-hangzhou.aliyuncs.com/mysql%E5%9F%BA%E7%A1%80/priority.png" style="zoom: 50%;" />

数字编号越大，优先级越高，优先级高的运算符先进行计算。

---------------

## 排序与分页

### 排序

使用 ORDER BY 子句排序

- <span style="color: #730002">ASC(ascend)</span>: **升序**
- <span style="color: #730002">DESC**(**descend**)**</span>:**降序
  ** ORDER BY **子句在**SELECT**语句的结尾。**

```sql
SELECT   last_name, job_id, department_id, hire_date
FROM     employees
ORDER BY hire_date DESC ;
```

### 分页

分页原理 所谓分页显示，就是将数据库中的结果集，一段一段显示出来需要的条件。 MySQL**中使用** LIMIT **实现分页
** 格式:

```sql
LIMIT [位置偏移量,] 行数
```

- 分页显式公式**：（当前页数-1）*每页条数，每页条数**

```mysql
SELECT * FROM table 
LIMIT(PageNo - 1)*PageSize,PageSize;
```

举例

```sql
 --前10条记录:
 SELECT * FROM 表名 LIMIT 0,10; 或者
 SELECT * FROM 表名 LIMIT 10;

--第11至20条记录:
 SELECT * FROM 表名 LIMIT 10,10;

--第21至30条记录:
 SELECT * FROM 表名 LIMIT 20,10;
```

> **注意:**LIMIT **子句必须放在整个**SELECT**语句的最后!**

"LIMIT条目数"等价于"LIMIT  0, 条目数"

多表查询，也称为关联查询，指两个或更多个表一起完成查询操作。

前提条件：这些一起查询的表之间是有关系的（一对一、一对多），它们之间一定是有关联字段，这个关联字段可能建立了外键，也可能没有建立外键。比如：员工表和部门表，这两个表依靠“部门编号”进行关联。

## 多表查询

多表查询，也称为关联查询，指两个或更多个表一起完成查询操作。

前提条件：这些一起查询的表之间是有关系的（一对一、一对多），它们之间一定是有关联字段，这个关联字段可能建立了外键，也可能没有建立外键。比如：员工表和部门表，这两个表依靠“部门编号”进行关联。

SQL92中，笛卡尔积也称为`交叉连接`，英文是 `CROSS JOIN`。在 SQL99 中也是使用 CROSS JOIN表示交叉连接。它的作用就是可以把任意表进行连接，即使这两张表不相关。在MySQL中如下情况会出现笛卡尔积：

```mysql
#查询员工姓名和所在部门名称
SELECT last_name,department_name FROM employees,departments;
SELECT last_name,department_name FROM employees CROSS JOIN departments;
SELECT last_name,department_name FROM employees INNER JOIN departments;
SELECT last_name,department_name FROM employees JOIN departments;
```

- **笛卡尔积的错误会在下面条件下产生**：

  - 省略多个表的连接条件（或关联条件）
  - 连接条件（或关联条件）无效
  - 所有表中的所有行互相连接

- 为了避免笛卡尔积， 可以**在 WHERE 加入有效的连接条件。**

- 加入连接条件后，查询语法：

  ```mysql
  SELECT	table1.column, table2.column
  FROM	table1, table2
  WHERE	table1.column1 = table2.column2;  #连接条件
  ```

  - **在 WHERE子句中写入连接条件。**

- 正确写法：

  ```mysql
  #案例：查询员工的姓名及其部门名称
  SELECT last_name, department_name
  FROM employees, departments
  WHERE employees.department_id = departments.department_id;
  ```

- **在表中有相同列时，在列名之前加上表名前缀。**

### 等值连接与非等值连接

非等值连接

```sql
SELECT e.last_name, e.salary, j.grade_level
FROM   employees e, job_grades j
WHERE  e.salary BETWEEN j.lowest_sal AND j.highest_sal;
```



### 自连接与非自连接

当table1和table2本质上是同一张表，只是用取别名的方式虚拟成两张表以代表不同的意义。然后两个表再进行内连接，外连接等查询。

```sql
SELECT FIRST.Cno, SECOND.Cpno
FROM Course FIRST, Course SECOND
WHERE FIRST.Cpno = SECOND.Cno
```

### 内连接与外连接

- 内连接: 合并具有同一列的两个以上的表的行, **结果集中不包含一个表与另一个表不匹配的行**

- 外连接: 两个表在连接过程中除了返回满足连接条件的行以外**还返回左（或右）表中不满足条件的行** **，这种连接称为左（或右） 外连接**。没有匹配的行时, 结果表中相应的列为空(NULL)。

- 如果是左外连接，则连接条件中左边的表也称为`主表`，右边的表称为`从表`。

  如果是右外连接，则连接条件中右边的表也称为`主表`，左边的表称为`从表`。

#### 内连接(INNER JOIN)

- 语法：

```mysql
SELECT 字段列表
FROM A表 INNER JOIN B表
ON 关联条件
WHERE 等其他子句;
```

例子：

```mysql
SELECT e.employee_id, e.last_name, e.department_id, 
       d.department_id, d.location_id
FROM   employees e JOIN departments d
ON     (e.department_id = d.department_id);
```

![](https://myblob-pics.oss-cn-hangzhou.aliyuncs.com/mysql%E5%9F%BA%E7%A1%80/innerjoin.png)

#### 外连接(OUTER JOIN)的实现

##### 左外连接(LEFT OUTER JOIN)

![](https://myblob-pics.oss-cn-hangzhou.aliyuncs.com/mysql%E5%9F%BA%E7%A1%80/leftjoin.png)

- 语法：

```mysql
#实现查询结果是A
SELECT 字段列表
FROM A表 LEFT JOIN B表
ON 关联条件
WHERE 等其他子句;
```

- 举例：

```mysql
SELECT e.last_name, e.department_id, d.department_name
FROM   employees e
LEFT OUTER JOIN departments d
ON   (e.department_id = d.department_id) ;
```

##### 右外连接(RIGHT OUTER JOIN)

![](https://myblob-pics.oss-cn-hangzhou.aliyuncs.com/mysql%E5%9F%BA%E7%A1%80/rightjoin.png)

- 语法：

```mysql
#实现查询结果是B
SELECT 字段列表
FROM A表 RIGHT JOIN B表
ON 关联条件
WHERE 等其他子句;
```

- 举例：

```mysql
SELECT e.last_name, e.department_id, d.department_name
FROM   employees e
RIGHT OUTER JOIN departments d
ON    (e.department_id = d.department_id) ;
```

##### 满外连接(FULL OUTER JOIN)

- 满外连接的结果 = 左右表匹配的数据 + 左表没有匹配到的数据 + 右表没有匹配到的数据。
- SQL99是支持满外连接的。使用FULL JOIN 或 FULL OUTER JOIN来实现。
- 需要注意的是，MySQL不支持FULL JOIN，但是可以用 LEFT JOIN **UNION** RIGHT join代替。

![](https://myblob-pics.oss-cn-hangzhou.aliyuncs.com/mysql%E5%9F%BA%E7%A1%80/fulljoin.png)

### UNION的使用

**合并查询结果**
利用UNION关键字，可以给出多条SELECT语句，并将它们的结果组合成单个结果集。合并时，两个表对应的列数和数据类型必须相同，并且相互对应。各个SELECT语句之间使用UNION或UNION ALL关键字分隔。

语法格式：

```mysql
SELECT column,... FROM table1
UNION [ALL]
SELECT column,... FROM table2
```

UNION 操作符返回两个查询的结果集的并集，去除重复记录。

UNION ALL操作符返回两个查询的结果集的并集。对于两个结果集的重复部分，不去重。

> 注意：执行UNION ALL语句时所需要的资源比UNION语句少。如果明确知道合并数据后的结果数据不存在重复数据，或者不需要去除重复的数据，则尽量使用UNION ALL语句，以提高数据查询的效率。

### SQL99语法新特性

SQL99 在 SQL92 的基础上提供了一些特殊语法，比如 `NATURAL JOIN` 用来表示自然连接。

我们可以把自然连接理解为 SQL92 中的等值连接。它会帮你自动查询两张连接表中`所有相同的字段`，然后进行`等值连接`。

在SQL92标准中：

```mysql
SELECT employee_id,last_name,department_name
FROM employees e JOIN departments d
ON e.`department_id` = d.`department_id`
AND e.`manager_id` = d.`manager_id`;
```

在 SQL99 中你可以写成：

```mysql
SELECT employee_id,last_name,department_name
FROM employees e NATURAL JOIN departments d;
```

### USING连接

当我们进行连接的时候，SQL99还支持使用 USING 指定数据表里的`同名字段`进行等值连接。但是只能配合JOIN一起使用。比如：

```mysql
SELECT employee_id,last_name,department_name
FROM employees e JOIN departments d
USING (department_id);
```

你能看出与自然连接 NATURAL JOIN 不同的是，USING 指定了具体的相同的字段名称，你需要在 USING 的括号 () 中填入要指定的同名字段。同时使用 `JOIN...USING` 可以简化 JOIN ON 的等值连接。它与下面的 SQL 查询结果是相同的：

```mysql
SELECT employee_id,last_name,department_name
FROM employees e ,departments d
WHERE e.department_id = d.department_id;
```

------

# 单行函数

##  MySQL的内置函数及分类

MySQL提供的内置函数从`实现的功能角度`可以分为数值函数、字符串函数、日期和时间函数、流程控制函数、加密与解密函数、获取MySQL信息函数、聚合函数等。这里，我将这些丰富的内置函数再分为两类：`单行函数`、`聚合函数（或分组函数）`。

## 数值函数

### 基本函数

| 函数                | 用法                                                         |
| ------------------- | ------------------------------------------------------------ |
| ABS(x)              | 返回x的绝对值                                                |
| SIGN(X)             | 返回X的符号。正数返回1，负数返回-1，0返回0                   |
| PI()                | 返回圆周率的值                                               |
| CEIL(x)，CEILING(x) | 返回大于或等于某个值的最小整数                               |
| FLOOR(x)            | 返回小于或等于某个值的最大整数                               |
| LEAST(e1,e2,e3…)    | 返回列表中的最小值                                           |
| GREATEST(e1,e2,e3…) | 返回列表中的最大值                                           |
| MOD(x,y)            | 返回X除以Y后的余数                                           |
| RAND()              | 返回0~1的随机值                                              |
| RAND(x)             | 返回0~1的随机值，其中x的值用作种子值，相同的X值会产生相同的随机数 |
| ROUND(x)            | 返回一个对x的值进行四舍五入后，最接近于X的整数               |
| ROUND(x,y)          | 返回一个对x的值进行四舍五入后最接近X的值，并保留到小数点后面Y位 |
| TRUNCATE(x,y)       | 返回数字x截断为y位小数的结果                                 |
| SQRT(x)             | 返回x的平方根。当X的值为负数时，返回NULL                     |

举例：

```mysql
SELECT ABS(-123),ABS(32),SIGN(-23),SIGN(43),PI(),CEIL(32.32),CEILING(-43.23),FLOOR(32.32),
FLOOR(-43.23),MOD(12,5)
FROM DUAL;
```

### 角度与弧度互换函数

| 函数       | 用法                                  |
| ---------- | ------------------------------------- |
| RADIANS(x) | 将角度转化为弧度，其中，参数x为角度值 |
| DEGREES(x) | 将弧度转化为角度，其中，参数x为弧度值 |

```mysql
SELECT RADIANS(30),RADIANS(60),RADIANS(90),DEGREES(2*PI()),DEGREES(RADIANS(90))
FROM DUAL;
```

###  三角函数

| 函数       | 用法                                                         |
| ---------- | ------------------------------------------------------------ |
| SIN(x)     | 返回x的正弦值，其中，参数x为弧度值                           |
| ASIN(x)    | 返回x的反正弦值，即获取正弦为x的值。如果x的值不在-1到1之间，则返回NULL |
| COS(x)     | 返回x的余弦值，其中，参数x为弧度值                           |
| ACOS(x)    | 返回x的反余弦值，即获取余弦为x的值。如果x的值不在-1到1之间，则返回NULL |
| TAN(x)     | 返回x的正切值，其中，参数x为弧度值                           |
| ATAN(x)    | 返回x的反正切值，即返回正切值为x的值                         |
| ATAN2(m,n) | 返回两个参数的反正切值                                       |
| COT(x)     | 返回x的余切值，其中，X为弧度值                               |

举例：

ATAN2(M,N)函数返回两个参数的反正切值。
与ATAN(X)函数相比，ATAN2(M,N)需要两个参数，例如有两个点point(x1,y1)和point(x2,y2)，使用ATAN(X)函数计算反正切值为ATAN((y2-y1)/(x2-x1))，使用ATAN2(M,N)计算反正切值则为ATAN2(y2-y1,x2-x1)。由使用方式可以看出，当x2-x1等于0时，ATAN(X)函数会报错，而ATAN2(M,N)函数则仍然可以计算。

ATAN2(M,N)函数的使用示例如下：

```mysql
SELECT SIN(RADIANS(30)),DEGREES(ASIN(1)),TAN(RADIANS(45)),DEGREES(ATAN(1)),DEGREES(ATAN2(1,1))
FROM DUAL;
```

### 指数与对数

| 函数                 | 用法                                                 |
| -------------------- | ---------------------------------------------------- |
| POW(x,y)，POWER(X,Y) | 返回x的y次方                                         |
| EXP(X)               | 返回e的X次方，其中e是一个常数，2.718281828459045     |
| LN(X)，LOG(X)        | 返回以e为底的X的对数，当X <= 0 时，返回的结果为NULL  |
| LOG10(X)             | 返回以10为底的X的对数，当X <= 0 时，返回的结果为NULL |
| LOG2(X)              | 返回以2为底的X的对数，当X <= 0 时，返回NULL          |

```mysql
mysql> SELECT POW(2,5),POWER(2,4),EXP(2),LN(10),LOG10(10),LOG2(4)
    -> FROM DUAL;
+----------+------------+------------------+-------------------+-----------+---------+
| POW(2,5) | POWER(2,4) | EXP(2)           | LN(10)            | LOG10(10) | LOG2(4) |
+----------+------------+------------------+-------------------+-----------+---------+
|       32 |         16 | 7.38905609893065 | 2.302585092994046 |         1 |       2 |
+----------+------------+------------------+-------------------+-----------+---------+
1 row in set (0.00 sec)
```

### 进制间的转换

| 函数          | 用法                     |
| ------------- | ------------------------ |
| BIN(x)        | 返回x的二进制编码        |
| HEX(x)        | 返回x的十六进制编码      |
| OCT(x)        | 返回x的八进制编码        |
| CONV(x,f1,f2) | 返回f1进制数变成f2进制数 |

```mysql
mysql> SELECT BIN(10),HEX(10),OCT(10),CONV(10,2,8)
    -> FROM DUAL;
+---------+---------+---------+--------------+
| BIN(10) | HEX(10) | OCT(10) | CONV(10,2,8) |
+---------+---------+---------+--------------+
| 1010    | A       | 12      | 2            |
+---------+---------+---------+--------------+
1 row in set (0.00 sec)
```

## 字符串函数

| 函数                              | 用法                                                         |
| --------------------------------- | ------------------------------------------------------------ |
| ASCII(S)                          | 返回字符串S中的第一个字符的ASCII码值                         |
| CHAR_LENGTH(s)                    | 返回字符串s的字符数。作用与CHARACTER_LENGTH(s)相同           |
| LENGTH(s)                         | 返回字符串s的字节数，和字符集有关                            |
| CONCAT(s1,s2,......,sn)           | 连接s1,s2,......,sn为一个字符串                              |
| CONCAT_WS(x, s1,s2,......,sn)     | 同CONCAT(s1,s2,...)函数，但是每个字符串之间要加上x           |
| INSERT(str, idx, len, replacestr) | 将字符串str从第idx位置开始，len个字符长的子串替换为字符串replacestr |
| REPLACE(str, a, b)                | 用字符串b替换字符串str中所有出现的字符串a                    |
| UPPER(s) 或 UCASE(s)              | 将字符串s的所有字母转成大写字母                              |
| LOWER(s)  或LCASE(s)              | 将字符串s的所有字母转成小写字母                              |
| LEFT(str,n)                       | 返回字符串str最左边的n个字符                                 |
| RIGHT(str,n)                      | 返回字符串str最右边的n个字符                                 |
| LPAD(str, len, pad)               | 用字符串pad对str最左边进行填充，直到str的长度为len个字符     |
| RPAD(str ,len, pad)               | 用字符串pad对str最右边进行填充，直到str的长度为len个字符     |
| LTRIM(s)                          | 去掉字符串s左侧的空格                                        |
| RTRIM(s)                          | 去掉字符串s右侧的空格                                        |
| TRIM(s)                           | 去掉字符串s开始与结尾的空格                                  |
| TRIM(s1 FROM s)                   | 去掉字符串s开始与结尾的s1                                    |
| TRIM(LEADING s1 FROM s)           | 去掉字符串s开始处的s1                                        |
| TRIM(TRAILING s1 FROM s)          | 去掉字符串s结尾处的s1                                        |
| REPEAT(str, n)                    | 返回str重复n次的结果                                         |
| SPACE(n)                          | 返回n个空格                                                  |
| STRCMP(s1,s2)                     | 比较字符串s1,s2的ASCII码值的大小                             |
| SUBSTR(s,index,len)               | 返回从字符串s的index位置其len个字符，作用与SUBSTRING(s,n,len)、MID(s,n,len)相同 |
| LOCATE(substr,str)                | 返回字符串substr在字符串str中首次出现的位置，作用于POSITION(substr IN str)、INSTR(str,substr)相同。未找到，返回0 |
| ELT(m,s1,s2,…,sn)                 | 返回指定位置的字符串，如果m=1，则返回s1，如果m=2，则返回s2，如果m=n，则返回sn |
| FIELD(s,s1,s2,…,sn)               | 返回字符串s在字符串列表中第一次出现的位置                    |
| FIND_IN_SET(s1,s2)                | 返回字符串s1在字符串s2中出现的位置。其中，字符串s2是一个以逗号分隔的字符串 |
| REVERSE(s)                        | 返回s反转后的字符串                                          |
| NULLIF(value1,value2)             | 比较两个字符串，如果value1与value2相等，则返回NULL，否则返回value1 |

> 注意：MySQL中，字符串的位置是从1开始的。

举例：

```mysql
mysql> SELECT FIELD('mm','hello','msm','amma'),FIND_IN_SET('mm','hello,mm,amma')
    -> FROM DUAL;
+----------------------------------+-----------------------------------+
| FIELD('mm','hello','msm','amma') | FIND_IN_SET('mm','hello,mm,amma') |
+----------------------------------+-----------------------------------+
|                                0 |                                 2 |
+----------------------------------+-----------------------------------+
1 row in set (0.00 sec)
```

```mysql
mysql> SELECT NULLIF('mysql','mysql'),NULLIF('mysql', '');
+-------------------------+---------------------+
| NULLIF('mysql','mysql') | NULLIF('mysql', '') |
+-------------------------+---------------------+
| NULL                    | mysql               |
+-------------------------+---------------------+
1 row in set (0.00 sec)
```



### 日期与时间戳的转换

| 函数                     | 用法                                                         |
| ------------------------ | ------------------------------------------------------------ |
| UNIX_TIMESTAMP()         | 以UNIX时间戳的形式返回当前时间。SELECT UNIX_TIMESTAMP() ->1634348884 |
| UNIX_TIMESTAMP(date)     | 将时间date以UNIX时间戳的形式返回。                           |
| FROM_UNIXTIME(timestamp) | 将UNIX时间戳的时间转换为普通格式的时间                       |

举例：

```mysql
mysql> SELECT UNIX_TIMESTAMP(now());
+-----------------------+
| UNIX_TIMESTAMP(now()) |
+-----------------------+
|            1576380910 |
+-----------------------+
1 row in set (0.01 sec)

mysql> SELECT UNIX_TIMESTAMP(CURDATE());
+---------------------------+
| UNIX_TIMESTAMP(CURDATE()) |
+---------------------------+
|                1576339200 |
+---------------------------+
1 row in set (0.00 sec)

mysql> SELECT UNIX_TIMESTAMP(CURTIME());
+---------------------------+
| UNIX_TIMESTAMP(CURTIME()) |
+---------------------------+
|                1576380969 |
+---------------------------+
1 row in set (0.00 sec)

mysql> SELECT UNIX_TIMESTAMP('2011-11-11 11:11:11')
+---------------------------------------+
| UNIX_TIMESTAMP('2011-11-11 11:11:11') |
+---------------------------------------+
|                            1320981071 |
+---------------------------------------+
1 row in set (0.00 sec)
```

```mysql
mysql> SELECT FROM_UNIXTIME(1576380910);
+---------------------------+
| FROM_UNIXTIME(1576380910) |
+---------------------------+
| 2019-12-15 11:35:10       |
+---------------------------+
1 row in set (0.00 sec)
```

### 获取月份、星期、星期数、天数等函数

| 函数                                     | 用法                                            |
| ---------------------------------------- | ----------------------------------------------- |
| YEAR(date) / MONTH(date) / DAY(date)     | 返回具体的日期值                                |
| HOUR(time) / MINUTE(time) / SECOND(time) | 返回具体的时间值                                |
| MONTHNAME(date)                          | 返回月份：January，...                          |
| DAYNAME(date)                            | 返回星期几：MONDAY，TUESDAY.....SUNDAY          |
| WEEKDAY(date)                            | 返回周几，注意，周1是0，周2是1，。。。周日是6   |
| QUARTER(date)                            | 返回日期对应的季度，范围为1～4                  |
| WEEK(date) ， WEEKOFYEAR(date)           | 返回一年中的第几周                              |
| DAYOFYEAR(date)                          | 返回日期是一年中的第几天                        |
| DAYOFMONTH(date)                         | 返回日期位于所在月份的第几天                    |
| DAYOFWEEK(date)                          | 返回周几，注意：周日是1，周一是2，。。。周六是7 |

举例：

```mysql
SELECT YEAR(CURDATE()),MONTH(CURDATE()),DAY(CURDATE()),
HOUR(CURTIME()),MINUTE(NOW()),SECOND(SYSDATE())
FROM DUAL;
```

### 日期的操作函数

| 函数                    | 用法                                       |
| ----------------------- | ------------------------------------------ |
| EXTRACT(type FROM date) | 返回指定日期中特定的部分，type指定返回的值 |

EXTRACT(type FROM date)函数中type的取值与含义：

| type取值           | 含义                         |
| ------------------ | ---------------------------- |
| MICROSECOND        | 返回毫秒数                   |
| SECOND             | 返回秒数                     |
| MINUTE             | 返回分钟数                   |
| HOUR               | 返回小时数                   |
| DAY                | 返回大数                     |
| WEEK               | 返回口期在一年中的第儿个星期 |
| MONTH              | 返回日期在一年中的第几个月   |
| QUARTER            | 返回日期在一年中的第几个季度 |
| YEAR               | 返回日期的年份               |
| SECOND MICROSECOND | 返回秒和毫秒值               |
| MINUTE MICROSECOND | 返回分钟和毫秒值             |
| MINUTE SECOND      | 返回分钟和秒值               |
| HOUR MICROSECOND   | 返回小时和毫秒值             |
| HOUR SECOND        | 返回小时和秒值               |
| HOUR MINUTE        | 返回小时和分钟值             |
| DAY MICROSECOND    | 返回天和毫秒值               |
| DAY SECOND         | 返回天和秒值                 |
| DAY MINUTE         | 返回天和分钟值               |
| DAY HOUR           | 返回天和小时                 |
| YEAR MONTH         | 返回年和月                   |

```sql
SELECT EXTRACT(MINUTE FROM NOW()),EXTRACT( WEEK FROM NOW()),
EXTRACT( QUARTER FROM NOW()),EXTRACT( MINUTE_SECOND FROM NOW())
FROM DUAL;
```

### 时间和秒钟转换的函数


| 函数                 | 用法                                                         |
| -------------------- | ------------------------------------------------------------ |
| TIME_TO_SEC(time)    | 将 time 转化为秒并返回结果值。转化的公式为：`小时*3600+分钟*60+秒` |
| SEC_TO_TIME(seconds) | 将 seconds 描述转化为包含小时、分钟和秒的时间                |

举例：

```mysql
mysql> SELECT TIME_TO_SEC(NOW());
+--------------------+
| TIME_TO_SEC(NOW()) |
+--------------------+
|               78774 |
+--------------------+
1 row in set (0.00 sec)
```

```mysql
mysql> SELECT SEC_TO_TIME(78774);
+--------------------+
| SEC_TO_TIME(78774) |
+--------------------+
| 21:52:54            |
+--------------------+
1 row in set (0.12 sec)
```

### 计算日期和时间的函数

**第1组：**

| 函数                                                         | 用法                                           |
| ------------------------------------------------------------ | ---------------------------------------------- |
| DATE_ADD(datetime, INTERVAL  expr type)，ADDDATE(date,INTERVAL expr type) | 返回与给定日期时间相差INTERVAL时间段的日期时间 |
| DATE_SUB(date,INTERVAL expr type)，SUBDATE(date,INTERVAL expr type) | 返回与date相差INTERVAL时间间隔的日期           |

上述函数中type的取值：

| 间隔类型      | 含义       |
| ------------- | ---------- |
| HOUR          | 小时       |
| MINUTE        | 分钟       |
| SECOND        | 秒         |
| YEAR          | 年         |
| MONTH         | 月         |
| DAY           | 日         |
| YEAR MONTH    | 年和月     |
| DAY HOUR      | 日和小时   |
| DAY MINUTE    | 日和分钟   |
| DAY SECOND    | 日和秒     |
| HOUR MINUTE   | 小时和分钟 |
| HOUR SECOND   | 小时和秒   |
| MINUTE SECOND | 分钟和秒   |

举例：

```mysql
SELECT DATE_ADD(NOW(), INTERVAL 1 DAY) AS col1,DATE_ADD('2021-10-21 23:32:12',INTERVAL 1 SECOND) AS col2,
ADDDATE('2021-10-21 23:32:12',INTERVAL 1 SECOND) AS col3,
DATE_ADD('2021-10-21 23:32:12',INTERVAL '1_1' MINUTE_SECOND) AS col4,
DATE_ADD(NOW(), INTERVAL -1 YEAR) AS col5, #可以是负数
DATE_ADD(NOW(), INTERVAL '1_1' YEAR_MONTH) AS col6 #需要单引号
FROM DUAL;
```

```mysql
SELECT DATE_SUB('2021-01-21',INTERVAL 31 DAY) AS col1,
SUBDATE('2021-01-21',INTERVAL 31 DAY) AS col2,
DATE_SUB('2021-01-21 02:01:01',INTERVAL '1 1' DAY_HOUR) AS col3
FROM DUAL;
```

**第2组：**

| 函数                         | 用法                                                         |
| ---------------------------- | ------------------------------------------------------------ |
| ADDTIME(time1,time2)         | 返回time1加上time2的时间。当time2为一个数字时，代表的是`秒`，可以为负数 |
| SUBTIME(time1,time2)         | 返回time1减去time2后的时间。当time2为一个数字时，代表的是`秒`，可以为负数 |
| DATEDIFF(date1,date2)        | 返回date1 - date2的日期间隔天数                              |
| TIMEDIFF(time1, time2)       | 返回time1 - time2的时间间隔                                  |
| FROM_DAYS(N)                 | 返回从0000年1月1日起，N天以后的日期                          |
| TO_DAYS(date)                | 返回日期date距离0000年1月1日的天数                           |
| LAST_DAY(date)               | 返回date所在月份的最后一天的日期                             |
| MAKEDATE(year,n)             | 针对给定年份与所在年份中的天数返回一个日期                   |
| MAKETIME(hour,minute,second) | 将给定的小时、分钟和秒组合成时间并返回                       |
| PERIOD_ADD(time,n)           | 返回time加上n后的时间                                        |

举例：

```sql
SELECT ADDTIME(NOW(),20),SUBTIME(NOW(),30),SUBTIME(NOW(),'1:1:3'),DATEDIFF(NOW(),'2021-10-01'),
TIMEDIFF(NOW(),'2021-10-25 22:10:10'),FROM_DAYS(366),TO_DAYS('0000-12-25'),
LAST_DAY(NOW()),MAKEDATE(YEAR(NOW()),12),MAKETIME(10,21,23),PERIOD_ADD(20200101010101,10)
FROM DUAL;
```

### 日期的格式化与解析

| 函数                              | 用法                                       |
| --------------------------------- | ------------------------------------------ |
| DATE_FORMAT(date,fmt)             | 按照字符串fmt格式化日期date值              |
| TIME_FORMAT(time,fmt)             | 按照字符串fmt格式化时间time值              |
| GET_FORMAT(date_type,format_type) | 返回日期字符串的显示格式                   |
| STR_TO_DATE(str, fmt)             | 按照字符串fmt对str进行解析，解析为一个日期 |

上述`非GET_FORMAT`函数中fmt参数常用的格式符：

| 格式符 | 说明                                                        | 格式符 | 说明                                                        |
| ------ | ----------------------------------------------------------- | ------ | ----------------------------------------------------------- |
| %Y     | 4位数字表示年份                                             | %y     | 表示两位数字表示年份                                        |
| %M     | 月名表示月份（January,....）                                | %m     | 两位数字表示月份（01,02,03。。。）                          |
| %b     | 缩写的月名（Jan.，Feb.，....）                              | %c     | 数字表示月份（1,2,3,...）                                   |
| %D     | 英文后缀表示月中的天数（1st,2nd,3rd,...）                   | %d     | 两位数字表示月中的天数(01,02...)                            |
| %e     | 数字形式表示月中的天数（1,2,3,4,5.....）                    |        |                                                             |
| %H     | 两位数字表示小数，24小时制（01,02..）                       | %h和%I | 两位数字表示小时，12小时制（01,02..）                       |
| %k     | 数字形式的小时，24小时制(1,2,3)                             | %l     | 数字形式表示小时，12小时制（1,2,3,4....）                   |
| %i     | 两位数字表示分钟（00,01,02）                                | %S和%s | 两位数字表示秒(00,01,02...)                                 |
| %W     | 一周中的星期名称（Sunday...）                               | %a     | 一周中的星期缩写（Sun.，Mon.,Tues.，..）                    |
| %w     | 以数字表示周中的天数(0=Sunday,1=Monday....)                 |        |                                                             |
| %j     | 以3位数字表示年中的天数(001,002...)                         | %U     | 以数字表示年中的第几周，（1,2,3。。）其中Sunday为周中第一天 |
| %u     | 以数字表示年中的第几周，（1,2,3。。）其中Monday为周中第一天 |        |                                                             |
| %T     | 24小时制                                                    | %r     | 12小时制                                                    |
| %p     | AM或PM                                                      | %%     | 表示%                                                       |

GET_FORMAT函数中date_type和format_type参数取值如下：

| 日期类型 | 格式化类型 | 返回的格式化字符串 |
| -------- | ---------- | ------------------ |
| DATE     | USA        | %m.%d.%Y           |
| DATE     | JIS        | %Y-%m-%d           |
| DATE     | ISO        | %Y-%m-%d           |
| DATE     | EUR        | %d.%m.%Y           |
| DATE     | INTERNAL   | %Y%m%d             |
| TIME     | USA        | %h:%i:%s %p        |
| TIME     | JIS        | %H:%i:%s           |
| TIME     | ISO        | %H:%i:%s           |
| TIME     | EUR        | %H.%i.%s           |
| TIME     | INTERNAL   | %H%i%s             |
| DATETIME | USA        | %Y-%m-%d %H.%i.%s  |
| DATETIME | JIS        | %Y-%m-%d %H:%i:%s  |
| DATETIME | ISO        | %Y-%m-%d %H:%i:%s  |
| DATETIME | EUR        | %Y-%m-%d %I-L%i.%s |
| DATETIME | INTERNAL   | %Y%m%d%H%i%s       |

举例：

```mysql
mysql> SELECT DATE_FORMAT(NOW(), '%H:%i:%s');
+--------------------------------+
| DATE_FORMAT(NOW(), '%H:%i:%s') |
+--------------------------------+
| 22:57:34                        |
+--------------------------------+
1 row in set (0.00 sec)
```

```mysql
SELECT STR_TO_DATE('09/01/2009','%m/%d/%Y')
FROM DUAL;

SELECT STR_TO_DATE('20140422154706','%Y%m%d%H%i%s')
FROM DUAL;

SELECT STR_TO_DATE('2014-04-22 15:47:06','%Y-%m-%d %H:%i:%s')
FROM DUAL;
```

```mysql
mysql> SELECT GET_FORMAT(DATE, 'USA');
+-------------------------+
| GET_FORMAT(DATE, 'USA') |
+-------------------------+
| %m.%d.%Y                |
+-------------------------+
1 row in set (0.00 sec)

SELECT DATE_FORMAT(NOW(),GET_FORMAT(DATE,'USA')),
FROM DUAL;
```

```mysql
mysql> SELECT STR_TO_DATE('2020-01-01 00:00:00','%Y-%m-%d'); 
+-----------------------------------------------+
| STR_TO_DATE('2020-01-01 00:00:00','%Y-%m-%d') |
+-----------------------------------------------+
| 2020-01-01                                    |
+-----------------------------------------------+
1 row in set, 1 warning (0.00 sec)
```

## 流程控制函数

流程处理函数可以根据不同的条件，执行不同的处理流程，可以在SQL语句中实现不同的条件选择。MySQL中的流程处理函数主要包括IF()、IFNULL()和CASE()函数。

| 函数                                                         | 用法                                            |
| ------------------------------------------------------------ | ----------------------------------------------- |
| IF(value,value1,value2)                                      | 如果value的值为TRUE，返回value1，否则返回value2 |
| IFNULL(value1, value2)                                       | 如果value1不为NULL，返回value1，否则返回value2  |
| CASE WHEN 条件1 THEN 结果1 WHEN 条件2 THEN 结果2 .... [ELSE resultn] END | 相当于Java的if...else if...else...              |
| CASE  expr WHEN 常量值1 THEN 值1 WHEN 常量值1 THEN 值1 .... [ELSE 值n] END | 相当于Java的switch...case...                    |

```mysql
SELECT IF(1 > 0,'正确','错误')    
->正确
```

```mysql
SELECT IFNULL(null,'Hello Word')
->Hello Word
```

```mysql
SELECT CASE 
　　WHEN 1 > 0
　　THEN '1 > 0'
　　WHEN 2 > 0
　　THEN '2 > 0'
　　ELSE '3 > 0'
　　END
->1 > 0
```

```mysql
SELECT CASE 1 
　　WHEN 1 THEN '我是1'
　　WHEN 2 THEN '我是2'
ELSE '你是谁'
```

```mysql
SELECT employee_id,salary, CASE WHEN salary>=15000 THEN '高薪' 
				  WHEN salary>=10000 THEN '潜力股'  
				  WHEN salary>=8000 THEN '屌丝' 
				  ELSE '草根' END  "描述"
FROM employees; 
```

```mysql
SELECT oid,`status`, CASE `status` WHEN 1 THEN '未付款' 
								   WHEN 2 THEN '已付款' 
								   WHEN 3 THEN '已发货'  
								   WHEN 4 THEN '确认收货'  
								   ELSE '无效订单' END 
FROM t_order;
```

```mysql
SELECT last_name, job_id, salary,
       CASE job_id WHEN 'IT_PROG'  THEN  1.10*salary
                   WHEN 'ST_CLERK' THEN  1.15*salary
                   WHEN 'SA_REP'   THEN  1.20*salary
       			   ELSE      salary END     "REVISED_SALARY"
FROM   employees;
```

--------

## 加密与解密函数

加密与解密函数主要用于对数据库中的数据进行加密和解密处理，以防止数据被他人窃取。这些函数在保证数据库安全时非常有用。

| 函数                        | 用法                                                         |
| --------------------------- | ------------------------------------------------------------ |
| PASSWORD(str)               | 返回字符串str的加密版本，41位长的字符串。加密结果`不可逆`，常用于用户的密码加密 |
| MD5(str)                    | 返回字符串str的md5加密后的值，也是一种加密方式。若参数为NULL，则会返回NULL |
| SHA(str)                    | 从原明文密码str计算并返回加密后的密码字符串，当参数为NULL时，返回NULL。`SHA加密算法比MD5更加安全`。 |
| ENCODE(value,password_seed) | 返回使用password_seed作为加密密码加密value                   |
| DECODE(value,password_seed) | 返回使用password_seed作为加密密码解密value                   |

可以看到，ENCODE(value,password_seed)函数与DECODE(value,password_seed)函数互为反函数。

举例：

```mysql
mysql> SELECT PASSWORD('mysql'), PASSWORD(NULL);
+-------------------------------------------+----------------+
| PASSWORD('mysql')                         | PASSWORD(NULL) |
+-------------------------------------------+----------------+
| *E74858DB86EBA20BC33D0AECAE8A8108C56B17FA |                |
+-------------------------------------------+----------------+
1 row in set, 1 warning (0.00 sec)
```

```mysql
SELECT md5('123')
->202cb962ac59075b964b07152d234b70
```

```mysql
SELECT SHA('Tom123')
->c7c506980abc31cc390a2438c90861d0f1216d50
```

```mysql
mysql> SELECT ENCODE('mysql', 'mysql');
+--------------------------+
| ENCODE('mysql', 'mysql') |
+--------------------------+
| íg　¼　ìÉ                  |
+--------------------------+
1 row in set, 1 warning (0.01 sec)
```

```mysql
mysql> SELECT DECODE(ENCODE('mysql','mysql'),'mysql');
+-----------------------------------------+
| DECODE(ENCODE('mysql','mysql'),'mysql') |
+-----------------------------------------+
| mysql                                   |
+-----------------------------------------+
1 row in set, 2 warnings (0.00 sec)
```

## MySQL信息函数

MySQL中内置了一些可以查询MySQL信息的函数，这些函数主要用于帮助数据库开发或运维人员更好地对数据库进行维护工作。

| 函数                                                  | 用法                                                     |
| ----------------------------------------------------- | -------------------------------------------------------- |
| VERSION()                                             | 返回当前MySQL的版本号                                    |
| CONNECTION_ID()                                       | 返回当前MySQL服务器的连接数                              |
| DATABASE()，SCHEMA()                                  | 返回MySQL命令行当前所在的数据库                          |
| USER()，CURRENT_USER()、SYSTEM_USER()，SESSION_USER() | 返回当前连接MySQL的用户名，返回结果格式为“主机名@用户名” |
| CHARSET(value)                                        | 返回字符串value自变量的字符集                            |
| COLLATION(value)                                      | 返回字符串value的比较规则                                |

举例：

```sql
mysql> SELECT USER(), CURRENT_USER(), SYSTEM_USER(),SESSION_USER();
+----------------+----------------+----------------+----------------+
| USER()         | CURRENT_USER() | SYSTEM_USER()  | SESSION_USER() |
+----------------+----------------+----------------+----------------+
| root@localhost | root@localhost | root@localhost | root@localhost |
+----------------+----------------+----------------+----------------+
```

## 其他函数

MySQL中有些函数无法对其进行具体的分类，但是这些函数在MySQL的开发和运维过程中也是不容忽视的。

| 函数                           | 用法                                                         |
| ------------------------------ | ------------------------------------------------------------ |
| FORMAT(value,n)                | 返回对数字value进行格式化后的结果数据。n表示`四舍五入`后保留到小数点后n位 |
| CONV(value,from,to)            | 将value的值进行不同进制之间的转换                            |
| INET_ATON(ipvalue)             | 将以点分隔的IP地址转化为一个数字                             |
| INET_NTOA(value)               | 将数字形式的IP地址转化为以点分隔的IP地址                     |
| BENCHMARK(n,expr)              | 将表达式expr重复执行n次。用于测试MySQL处理expr表达式所耗费的时间 |
| CONVERT(value USING char_code) | 将value所使用的字符编码修改为char_code                       |
